source,split,image_path,filename,true_style,true_label,type,predicted_style,predicted_label,top_confidence,second_style,second_confidence,confidence_margin,loss,correct,prob_formal,prob_gothic,prob_sporty,prob_streetwear,wrong_prediction,high_loss,low_margin,low_confidence,boundary_pair,candidate_for_manual_review
real_world_test,real_world_test,..\dataset\real_world_test\gothic\tshirt\gothic_tshirt_rw_004.png,gothic_tshirt_rw_004.png,gothic,1,tshirt,streetwear,3,0.536688506603241,formal,0.3167276978492737,0.21996080875396729,3.9653024673461914,False,0.3167277,0.018962298,0.12762149,0.5366885,True,True,False,True,True,True
real_world_test,real_world_test,..\dataset\real_world_test\gothic\tshirt\gothic_tshirt_rw_002.png,gothic_tshirt_rw_002.png,gothic,1,tshirt,streetwear,3,0.8214603066444397,formal,0.08306724578142166,0.738393060863018,3.8245694637298584,False,0.083067246,0.021827832,0.07364458,0.8214603,True,True,False,False,True,True
real_world_test,real_world_test,..\dataset\real_world_test\sporty\pants\sporty_pants_rw_005.png,sporty_pants_rw_005.png,sporty,2,pants,streetwear,3,0.8391717076301575,formal,0.11491771787405014,0.7242539897561073,3.145659923553467,False,0.11491772,0.0028720244,0.043038514,0.8391717,True,True,False,False,True,True
real_world_test,real_world_test,..\dataset\real_world_test\sporty\pants\sporty_pants_rw_003.png,sporty_pants_rw_003.png,sporty,2,pants,formal,0,0.8213121294975281,streetwear,0.10581620782613754,0.7154959216713905,3.0887136459350586,False,0.8213121,0.027311135,0.04556052,0.10581621,True,True,False,False,True,True
real_world_test,real_world_test,..\dataset\real_world_test\gothic\jacket\gothic_jacket_rw_003.png,gothic_jacket_rw_003.png,gothic,1,jacket,formal,0,0.3559640049934387,streetwear,0.3232317566871643,0.032732248306274414,2.4620747566223145,False,0.355964,0.08525788,0.2355464,0.32323176,True,True,True,True,True,True
real_world_test,real_world_test,..\dataset\real_world_test\gothic\tshirt\gothic_tshirt_rw_001.png,gothic_tshirt_rw_001.png,gothic,1,tshirt,streetwear,3,0.7281699776649475,sporty,0.11568740755319595,0.6124825701117516,2.345348834991455,False,0.06032889,0.095813766,0.11568741,0.72817,True,True,False,False,True,True
real_world_test,real_world_test,..\dataset\real_world_test\sporty\jacket\sporty_jacket_rw_003.png,sporty_jacket_rw_003.png,sporty,2,jacket,formal,0,0.5144026875495911,streetwear,0.22377192974090576,0.2906307578086853,2.2167739868164062,False,0.5144027,0.15286537,0.108960055,0.22377193,True,True,False,True,True,True
real_world_test,real_world_test,..\dataset\real_world_test\sporty\shoes\sporty_shoes_rw_003.png,sporty_shoes_rw_003.png,sporty,2,shoes,streetwear,3,0.7551973462104797,formal,0.11940507590770721,0.6357922703027725,2.157689094543457,False,0.119405076,0.009805617,0.11559194,0.75519735,True,True,False,False,True,True
real_world_test,real_world_test,..\dataset\real_world_test\gothic\tshirt\gothic_tshirt_rw_003.png,gothic_tshirt_rw_003.png,gothic,1,tshirt,sporty,2,0.5030335783958435,streetwear,0.321514755487442,0.1815188229084015,2.010164260864258,False,0.04148497,0.13396668,0.5030336,0.32151476,True,True,True,True,True,True
real_world_test,real_world_test,..\dataset\real_world_test\formal\tshirt\formal_tshirt_rw_005.png,formal_tshirt_rw_005.png,formal,0,tshirt,sporty,2,0.5262129306793213,streetwear,0.2937454581260681,0.23246747255325317,1.9030780792236328,False,0.14910893,0.030932691,0.52621293,0.29374546,True,True,False,True,True,True
real_world_test,real_world_test,..\dataset\real_world_test\sporty\jacket\sporty_jacket_rw_002.png,sporty_jacket_rw_002.png,sporty,2,jacket,streetwear,3,0.41041722893714905,formal,0.38457590341567993,0.025841325521469116,1.6809475421905518,False,0.3845759,0.01880931,0.18619747,0.41041723,True,True,True,True,True,True
real_world_test,real_world_test,..\dataset\real_world_test\gothic\shoes\gothic_shoes_rw_002.png,gothic_shoes_rw_002.png,gothic,1,shoes,streetwear,3,0.6916472911834717,gothic,0.19419048726558685,0.4974568039178848,1.6389156579971313,False,0.017362509,0.19419049,0.09679979,0.6916473,True,True,False,False,True,True
real_world_test,real_world_test,..\dataset\real_world_test\streetwear\pants\streetwear_pants_rw_003.png,streetwear_pants_rw_003.png,streetwear,3,pants,formal,0,0.5758457779884338,streetwear,0.28065189719200134,0.2951938807964325,1.270640254020691,False,0.5758458,0.055754047,0.0877483,0.2806519,True,True,False,True,True,True
real_world_test,real_world_test,..\dataset\real_world_test\formal\tshirt\formal_tshirt_rw_002.png,formal_tshirt_rw_002.png,formal,0,tshirt,streetwear,3,0.4295332431793213,formal,0.28844788670539856,0.14108535647392273,1.2432409524917603,False,0.2884479,0.034695357,0.2473235,0.42953324,True,True,True,True,True,True
real_world_test,real_world_test,..\dataset\real_world_test\sporty\pants\sporty_pants_rw_002.png,sporty_pants_rw_002.png,sporty,2,pants,sporty,2,0.2893950641155243,gothic,0.26883426308631897,0.020560801029205322,1.2399625778198242,True,0.17393713,0.26883426,0.28939506,0.2678335,False,True,True,True,True,True
real_world_test,real_world_test,..\dataset\real_world_test\sporty\tshirt\sporty_tshirt_rw_003.png,sporty_tshirt_rw_003.png,sporty,2,tshirt,streetwear,3,0.34644338488578796,sporty,0.2954302132129669,0.051013171672821045,1.219322681427002,False,0.27145422,0.086672224,0.2954302,0.34644338,True,True,True,True,True,True
real_world_test,real_world_test,..\dataset\real_world_test\streetwear\shoes\streetwear_shoes_rw_002.png,streetwear_shoes_rw_002.png,streetwear,3,shoes,sporty,2,0.6223966479301453,streetwear,0.30186787247657776,0.3205287754535675,1.197765827178955,False,0.06245903,0.013276474,0.62239665,0.30186787,True,True,False,False,True,True
real_world_test,real_world_test,..\dataset\real_world_test\formal\tshirt\formal_tshirt_rw_003.png,formal_tshirt_rw_003.png,formal,0,tshirt,streetwear,3,0.37669333815574646,formal,0.3058774769306183,0.07081586122512817,1.1845707893371582,False,0.30587748,0.026724882,0.2907043,0.37669334,True,True,True,True,True,True
real_world_test,real_world_test,..\dataset\real_world_test\formal\jacket\formal_jacket_rw_003.png,formal_jacket_rw_003.png,formal,0,jacket,streetwear,3,0.33844754099845886,formal,0.3319202661514282,0.00652727484703064,1.102860450744629,False,0.33192027,0.18821211,0.1414201,0.33844754,True,True,True,True,True,True
real_world_test,real_world_test,..\dataset\real_world_test\gothic\pants\gothic_pants_rw_003.png,gothic_pants_rw_003.png,gothic,1,pants,gothic,1,0.3448074162006378,streetwear,0.3030298054218292,0.041777610778808594,1.0647692680358887,True,0.22608943,0.34480742,0.12607336,0.3030298,False,True,True,True,True,True
real_world_test,real_world_test,..\dataset\real_world_test\streetwear\pants\streetwear_pants_rw_002.png,streetwear_pants_rw_002.png,streetwear,3,pants,streetwear,3,0.3453943729400635,sporty,0.32704514265060425,0.01834923028945923,1.0630683898925781,True,0.14161529,0.18594527,0.32704514,0.34539437,False,True,True,True,True,True
real_world_test,real_world_test,..\dataset\real_world_test\sporty\shoes\sporty_shoes_rw_002.png,sporty_shoes_rw_002.png,sporty,2,shoes,streetwear,3,0.5283182263374329,sporty,0.35701271891593933,0.17130550742149353,1.0299838781356812,False,0.07775494,0.0369141,0.35701272,0.5283182,True,False,True,True,True,True
real_world_test,real_world_test,..\dataset\real_world_test\streetwear\jacket\streetwear_jacket_rw_003.png,streetwear_jacket_rw_003.png,streetwear,3,jacket,gothic,1,0.36774906516075134,streetwear,0.3588377833366394,0.008911281824111938,1.0248849391937256,False,0.21278435,0.36774907,0.060628794,0.35883778,True,False,True,True,True,True
real_world_test,real_world_test,..\dataset\real_world_test\streetwear\shoes\streetwear_shoes_rw_005.png,streetwear_shoes_rw_005.png,streetwear,3,shoes,gothic,1,0.49943843483924866,streetwear,0.3699552118778229,0.12948322296142578,0.9943732619285583,False,0.06336583,0.49943843,0.06724046,0.3699552,True,False,True,True,True,True
real_world_test,real_world_test,..\dataset\real_world_test\streetwear\pants\streetwear_pants_rw_005.png,streetwear_pants_rw_005.png,streetwear,3,pants,gothic,1,0.39773234724998474,streetwear,0.37628471851348877,0.02144762873649597,0.9774091243743896,False,0.12792337,0.39773235,0.0980596,0.37628472,True,False,True,True,True,True
real_world_test,real_world_test,..\dataset\real_world_test\sporty\shoes\sporty_shoes_rw_005.png,sporty_shoes_rw_005.png,sporty,2,shoes,sporty,2,0.38605445623397827,streetwear,0.26877376437187195,0.11728069186210632,0.9517768621444702,True,0.24578424,0.099387564,0.38605446,0.26877376,False,False,True,True,True,True
real_world_test,real_world_test,..\dataset\real_world_test\streetwear\tshirt\streetwear_tshirt_rw_003.png,streetwear_tshirt_rw_003.png,streetwear,3,tshirt,streetwear,3,0.3971836566925049,sporty,0.31228408217430115,0.08489957451820374,0.9233564734458923,True,0.23225754,0.05827469,0.31228408,0.39718366,False,False,True,True,True,True
real_world_test,real_world_test,..\dataset\real_world_test\formal\pants\formal_pants_rw_003.png,formal_pants_rw_003.png,formal,0,pants,formal,0,0.4034939110279083,streetwear,0.39113691449165344,0.012356996536254883,0.907593846321106,True,0.4034939,0.009074572,0.19629459,0.3911369,False,False,True,True,True,True
real_world_test,real_world_test,..\dataset\real_world_test\sporty\pants\sporty_pants_rw_004.png,sporty_pants_rw_004.png,sporty,2,pants,sporty,2,0.4279886782169342,streetwear,0.3279361426830292,0.10005253553390503,0.848658561706543,True,0.24010661,0.0039686025,0.42798868,0.32793614,False,False,True,True,True,True
real_world_test,real_world_test,..\dataset\real_world_test\gothic\pants\gothic_pants_rw_001.png,gothic_pants_rw_001.png,gothic,1,pants,gothic,1,0.4295786917209625,streetwear,0.2823575735092163,0.14722111821174622,0.8449503779411316,True,0.1378173,0.4295787,0.15024649,0.28235757,False,False,True,True,True,True
real_world_test,real_world_test,..\dataset\real_world_test\sporty\shoes\sporty_shoes_rw_001.png,sporty_shoes_rw_001.png,sporty,2,shoes,sporty,2,0.4815478026866913,streetwear,0.2993607819080353,0.182187020778656,0.730749785900116,True,0.20136642,0.017724989,0.4815478,0.29936078,False,False,True,True,True,True
real_world_test,real_world_test,..\dataset\real_world_test\sporty\tshirt\sporty_tshirt_rw_004.png,sporty_tshirt_rw_004.png,sporty,2,tshirt,sporty,2,0.4947931468486786,streetwear,0.3993690311908722,0.0954241156578064,0.7036155462265015,True,0.04205952,0.06377834,0.49479315,0.39936903,False,False,True,True,True,True
real_world_test,real_world_test,..\dataset\real_world_test\streetwear\pants\streetwear_pants_rw_004.png,streetwear_pants_rw_004.png,streetwear,3,pants,streetwear,3,0.5151929259300232,sporty,0.23975209891796112,0.2754408270120621,0.6632137894630432,True,0.1612576,0.08379734,0.2397521,0.5151929,False,False,False,True,True,True
real_world_test,real_world_test,..\dataset\real_world_test\streetwear\pants\streetwear_pants_rw_001.png,streetwear_pants_rw_001.png,streetwear,3,pants,streetwear,3,0.517084538936615,formal,0.21866710484027863,0.29841743409633636,0.6595488786697388,True,0.2186671,0.09313979,0.17110854,0.51708454,False,False,False,True,True,True
real_world_test,real_world_test,..\dataset\real_world_test\streetwear\tshirt\streetwear_tshirt_rw_004.png,streetwear_tshirt_rw_004.png,streetwear,3,tshirt,streetwear,3,0.5238959193229675,sporty,0.4051111936569214,0.11878472566604614,0.6464622020721436,True,0.015340064,0.05565282,0.4051112,0.5238959,False,False,True,True,True,True
real_world_test,real_world_test,..\dataset\real_world_test\streetwear\jacket\streetwear_jacket_rw_001.png,streetwear_jacket_rw_001.png,streetwear,3,jacket,streetwear,3,0.5649640560150146,formal,0.3420850932598114,0.22287896275520325,0.5709931254386902,True,0.3420851,0.024156997,0.06879385,0.56496406,False,False,False,True,True,True
real_world_test,real_world_test,..\dataset\real_world_test\gothic\pants\gothic_pants_rw_005.png,gothic_pants_rw_005.png,gothic,1,pants,gothic,1,0.5672578811645508,streetwear,0.32189223170280457,0.24536564946174622,0.5669412612915039,True,0.06502392,0.5672579,0.045825917,0.32189223,False,False,False,True,True,True
real_world_test,real_world_test,..\dataset\real_world_test\sporty\tshirt\sporty_tshirt_rw_005.png,sporty_tshirt_rw_005.png,sporty,2,tshirt,sporty,2,0.5741227865219116,streetwear,0.18525876104831696,0.38886402547359467,0.5549119710922241,True,0.15258235,0.08803608,0.5741228,0.18525876,False,False,False,True,True,True
split_style_test,test,..\dataset\split_style\test\formal\pants_formal_pants_010.png,pants_formal_pants_010.png,formal,0,,streetwear,3,0.4516603946685791,sporty,0.388502299785614,0.06315809488296509,2.1580896377563477,False,0.11554566,0.044291645,0.3885023,0.4516604,True,True,True,True,True,True
split_style_test,test,..\dataset\split_style\test\sporty\jacket_sporty_jacket_010.png,jacket_sporty_jacket_010.png,sporty,2,,formal,0,0.4512171745300293,streetwear,0.3788941502571106,0.0723230242729187,1.8220158815383911,False,0.45121717,0.0081892405,0.16169946,0.37889415,True,True,True,True,True,True
split_style_test,test,..\dataset\split_style\test\sporty\shoes_sporty_shoes_044.png,shoes_sporty_shoes_044.png,sporty,2,,streetwear,3,0.8050513863563538,sporty,0.17313924431800842,0.6319121420383453,1.7536592483520508,False,0.015247941,0.006561414,0.17313924,0.8050514,True,True,False,False,True,True
split_style_test,test,..\dataset\split_style\test\streetwear\shoes_streetwear_shoes_016.png,shoes_streetwear_shoes_016.png,streetwear,3,,formal,0,0.7252046465873718,streetwear,0.1907864809036255,0.5344181656837463,1.6566004753112793,False,0.72520465,0.013688491,0.07032042,0.19078648,True,True,False,False,True,True
split_style_test,test,..\dataset\split_style\test\streetwear\shoes_streetwear_shoes_030.png,shoes_streetwear_shoes_030.png,streetwear,3,,sporty,2,0.6759811043739319,streetwear,0.21113106608390808,0.4648500382900238,1.5552761554718018,False,0.10006993,0.012817839,0.6759811,0.21113107,True,True,False,False,True,True
split_style_test,test,..\dataset\split_style\test\sporty\jacket_sporty_jacket_012.png,jacket_sporty_jacket_012.png,sporty,2,,formal,0,0.46411049365997314,streetwear,0.2508438527584076,0.21326664090156555,1.5065587759017944,False,0.4641105,0.063374154,0.22167149,0.25084385,True,True,False,True,True,True
split_style_test,test,..\dataset\split_style\test\gothic\shoes_gothic_shoes_042.png,shoes_gothic_shoes_042.png,gothic,1,,sporty,2,0.35614585876464844,gothic,0.24657230079174042,0.10957355797290802,1.4000999927520752,False,0.15170637,0.2465723,0.35614586,0.2455755,True,True,True,True,True,True
split_style_test,test,..\dataset\split_style\test\sporty\jacket_sporty_jacket_020.png,jacket_sporty_jacket_020.png,sporty,2,,streetwear,3,0.4883919954299927,sporty,0.2466493844985962,0.24174261093139648,1.399787425994873,False,0.15425223,0.110706404,0.24664938,0.488392,True,True,False,True,True,True
split_style_test,test,..\dataset\split_style\test\streetwear\shoes_streetwear_shoes_034.png,shoes_streetwear_shoes_034.png,streetwear,3,,sporty,2,0.6918646097183228,streetwear,0.25293970108032227,0.4389249086380005,1.3746042251586914,False,0.037754554,0.017441195,0.6918646,0.2529397,True,True,False,False,True,True
split_style_test,test,..\dataset\split_style\test\streetwear\shoes_streetwear_shoes_013.png,shoes_streetwear_shoes_013.png,streetwear,3,,sporty,2,0.6532670259475708,streetwear,0.2562158703804016,0.3970511555671692,1.3617348670959473,False,0.053180367,0.0373367,0.653267,0.25621587,True,True,False,False,True,True
split_style_test,test,..\dataset\split_style\test\streetwear\shoes_streetwear_shoes_022.png,shoes_streetwear_shoes_022.png,streetwear,3,,sporty,2,0.6570161581039429,streetwear,0.2903183400630951,0.3666978180408478,1.2367773056030273,False,0.04084256,0.011822952,0.65701616,0.29031834,True,True,False,False,True,True
split_style_test,test,..\dataset\split_style\test\streetwear\shoes_streetwear_shoes_025.png,shoes_streetwear_shoes_025.png,streetwear,3,,sporty,2,0.3689565658569336,streetwear,0.30046361684799194,0.06849294900894165,1.2024285793304443,False,0.27725947,0.05332042,0.36895657,0.30046362,True,True,True,True,True,True
split_style_test,test,..\dataset\split_style\test\streetwear\shoes_streetwear_shoes_019.png,shoes_streetwear_shoes_019.png,streetwear,3,,gothic,1,0.41108596324920654,streetwear,0.3055550754070282,0.10553088784217834,1.1856253147125244,False,0.06996287,0.41108596,0.2133961,0.30555508,True,True,True,True,True,True
split_style_test,test,..\dataset\split_style\test\sporty\shoes_sporty_shoes_042.png,shoes_sporty_shoes_042.png,sporty,2,,streetwear,3,0.6242916584014893,sporty,0.32310429215431213,0.3011873662471771,1.1297800540924072,False,0.0198595,0.032744605,0.3231043,0.62429166,True,True,False,False,True,True
split_style_test,test,..\dataset\split_style\test\streetwear\jacket_streetwear_jacket_020.png,jacket_streetwear_jacket_020.png,streetwear,3,,gothic,1,0.4666796624660492,streetwear,0.33958542346954346,0.12709423899650574,1.0800297260284424,False,0.16226216,0.46667966,0.031472743,0.33958542,True,True,True,True,True,True
split_style_test,test,..\dataset\split_style\test\sporty\shoes_sporty_shoes_010.png,shoes_sporty_shoes_010.png,sporty,2,,streetwear,3,0.5396082997322083,sporty,0.34426286816596985,0.1953454315662384,1.0663498640060425,False,0.047974307,0.068154514,0.34426287,0.5396083,True,True,True,True,True,True
split_style_test,test,..\dataset\split_style\test\streetwear\shoes_streetwear_shoes_036.png,shoes_streetwear_shoes_036.png,streetwear,3,,sporty,2,0.45851194858551025,streetwear,0.35364148020744324,0.10487046837806702,1.0394716262817383,False,0.14587295,0.041973542,0.45851195,0.35364148,True,True,True,True,True,True
split_style_test,test,..\dataset\split_style\test\streetwear\shoes_streetwear_shoes_015.png,shoes_streetwear_shoes_015.png,streetwear,3,,sporty,2,0.5723390579223633,streetwear,0.3878297805786133,0.18450927734375,0.9471887350082397,False,0.03283058,0.0070005506,0.57233906,0.38782978,True,False,True,True,True,True
split_style_test,test,..\dataset\split_style\test\gothic\shoes_gothic_shoes_033.png,shoes_gothic_shoes_033.png,gothic,1,,gothic,1,0.39245086908340454,streetwear,0.33769816160202026,0.05475270748138428,0.9353439807891846,True,0.16303281,0.39245087,0.10681819,0.33769816,False,False,True,True,True,True
split_style_test,test,..\dataset\split_style\test\sporty\shoes_sporty_shoes_009.png,shoes_sporty_shoes_009.png,sporty,2,,sporty,2,0.40618860721588135,streetwear,0.3682110011577606,0.03797760605812073,0.9009376764297485,True,0.169266,0.056334376,0.4061886,0.368211,False,False,True,True,True,True
split_style_test,test,..\dataset\split_style\test\streetwear\shoes_streetwear_shoes_044.png,shoes_streetwear_shoes_044.png,streetwear,3,,sporty,2,0.45920369029045105,streetwear,0.41232210397720337,0.04688158631324768,0.88595050573349,False,0.08241389,0.046060357,0.4592037,0.4123221,True,False,True,True,True,True
split_style_test,test,..\dataset\split_style\test\sporty\pants_sporty_pants_045.png,pants_sporty_pants_045.png,sporty,2,,sporty,2,0.4998306632041931,streetwear,0.29581424593925476,0.20401641726493835,0.6934859156608582,True,0.19523954,0.009115523,0.49983066,0.29581425,False,False,False,True,True,True
split_style_test,test,..\dataset\split_style\test\formal\pants_formal_pants_008.png,pants_formal_pants_008.png,formal,0,,formal,0,0.5527268052101135,streetwear,0.22066135704517365,0.3320654481649399,0.5928913950920105,True,0.5527268,0.048144743,0.178467,0.22066136,False,False,False,True,True,True
split_style_test,test,..\dataset\split_style\test\formal\pants_formal_pants_007.png,pants_formal_pants_007.png,formal,0,,formal,0,0.5717911124229431,streetwear,0.3104122579097748,0.26137885451316833,0.5589815378189087,True,0.5717911,0.017314862,0.10048179,0.31041226,False,False,False,True,True,True
split_style_test,test,..\dataset\split_style\test\sporty\shoes_sporty_shoes_014.png,shoes_sporty_shoes_014.png,sporty,2,,sporty,2,0.5780534744262695,streetwear,0.2977835237979889,0.28026995062828064,0.5480889081954956,True,0.11102343,0.0131395925,0.5780535,0.29778352,False,False,False,True,True,True
split_style_test,test,..\dataset\split_style\test\streetwear\shoes_streetwear_shoes_014.png,shoes_streetwear_shoes_014.png,streetwear,3,,streetwear,3,0.5818967819213867,formal,0.2187855988740921,0.3631111830472946,0.541462242603302,True,0.2187856,0.01954334,0.17977431,0.5818968,False,False,False,True,True,True
split_style_test,test,..\dataset\split_style\test\streetwear\pants_streetwear_pants_032.png,pants_streetwear_pants_032.png,streetwear,3,,streetwear,3,0.5887362360954285,gothic,0.18592725694179535,0.4028089791536331,0.5297769904136658,True,0.13687013,0.18592726,0.08846639,0.58873624,False,False,False,True,True,True
split_style_test,test,..\dataset\split_style\test\gothic\pants_gothic_pants_014.png,pants_gothic_pants_014.png,gothic,1,,gothic,1,0.5894953012466431,streetwear,0.29234373569488525,0.2971515655517578,0.5284885168075562,True,0.07206809,0.5894953,0.04609288,0.29234374,False,False,False,True,True,True
split_style_train,train,..\dataset\split_style\train\sporty\tshirt_sporty_tshirt_010.png,tshirt_sporty_tshirt_010.png,sporty,2,,formal,0,0.4846193492412567,streetwear,0.4099116325378418,0.07470771670341492,2.440049409866333,False,0.48461935,0.018312512,0.087156534,0.40991163,True,True,True,True,True,True
split_style_train,train,..\dataset\split_style\train\streetwear\shoes_streetwear_shoes_027.png,shoes_streetwear_shoes_027.png,streetwear,3,,sporty,2,0.7480613589286804,streetwear,0.18273954093456268,0.5653218179941177,1.6996934413909912,False,0.053227894,0.01597124,0.74806136,0.18273954,True,True,False,False,True,True
split_style_train,train,..\dataset\split_style\train\streetwear\tshirt_streetwear_tshirt_006.png,tshirt_streetwear_tshirt_006.png,streetwear,3,,gothic,1,0.7812087535858154,streetwear,0.19009293615818024,0.5911158174276352,1.6602421998977661,False,0.019234128,0.78120875,0.009464154,0.19009294,True,True,False,False,True,True
split_style_train,train,..\dataset\split_style\train\sporty\pants_sporty_pants_006.png,pants_sporty_pants_006.png,sporty,2,,formal,0,0.5322773456573486,streetwear,0.23523268103599548,0.29704466462135315,1.64039945602417,False,0.53227735,0.03858733,0.1939026,0.23523268,True,True,False,True,True,True
split_style_train,train,..\dataset\split_style\train\streetwear\shoes_streetwear_shoes_026.png,shoes_streetwear_shoes_026.png,streetwear,3,,sporty,2,0.5574861168861389,streetwear,0.2709782123565674,0.28650790452957153,1.305716872215271,False,0.14828199,0.023253666,0.5574861,0.2709782,True,True,False,True,True,True
split_style_train,train,..\dataset\split_style\train\formal\jacket_formal_jacket_015.png,jacket_formal_jacket_015.png,formal,0,,streetwear,3,0.4563819468021393,formal,0.28355735540390015,0.17282459139823914,1.2603408098220825,False,0.28355736,0.24182636,0.018234286,0.45638195,True,True,True,True,True,True
split_style_train,train,..\dataset\split_style\train\streetwear\jacket_streetwear_jacket_007.png,jacket_streetwear_jacket_007.png,streetwear,3,,formal,0,0.5386390089988708,streetwear,0.29366356134414673,0.24497544765472412,1.22532057762146,False,0.538639,0.010045803,0.15765162,0.29366356,True,True,False,True,True,True
split_style_train,train,..\dataset\split_style\train\gothic\pants_gothic_pants_029.png,pants_gothic_pants_029.png,gothic,1,,streetwear,3,0.5961130857467651,gothic,0.29746559262275696,0.2986474931240082,1.2124567031860352,False,0.009404838,0.2974656,0.09701647,0.5961131,True,True,False,True,True,True
split_style_train,train,..\dataset\split_style\train\sporty\shoes_sporty_shoes_013.png,shoes_sporty_shoes_013.png,sporty,2,,streetwear,3,0.62287837266922,sporty,0.30185404419898987,0.3210243284702301,1.1978117227554321,False,0.011450057,0.06381751,0.30185404,0.6228784,True,True,False,False,True,True
split_style_train,train,..\dataset\split_style\train\streetwear\jacket_streetwear_jacket_038.png,jacket_streetwear_jacket_038.png,streetwear,3,,formal,0,0.33341723680496216,streetwear,0.3084357976913452,0.024981439113616943,1.1762416362762451,False,0.33341724,0.053688228,0.30445874,0.3084358,True,True,True,True,True,True
split_style_train,train,..\dataset\split_style\train\sporty\pants_sporty_pants_046.png,pants_sporty_pants_046.png,sporty,2,,streetwear,3,0.4734081029891968,sporty,0.3116745948791504,0.1617335081100464,1.1657955646514893,False,0.045615163,0.16930212,0.3116746,0.4734081,True,True,True,True,True,True
split_style_train,train,..\dataset\split_style\train\formal\tshirt_formal_tshirt_034.png,tshirt_formal_tshirt_034.png,formal,0,,formal,0,0.3186294734477997,streetwear,0.3122279644012451,0.006401509046554565,1.1437263488769531,True,0.31862947,0.060609624,0.3085329,0.31222796,False,True,True,True,True,True
split_style_train,train,..\dataset\split_style\train\sporty\shoes_sporty_shoes_036.png,shoes_sporty_shoes_036.png,sporty,2,,streetwear,3,0.667722225189209,sporty,0.3198137879371643,0.3479084372520447,1.1400164365768433,False,0.004905444,0.0075585092,0.3198138,0.6677222,True,True,False,False,True,True
split_style_train,train,..\dataset\split_style\train\sporty\pants_sporty_pants_003.png,pants_sporty_pants_003.png,sporty,2,,streetwear,3,0.3785039782524109,sporty,0.32332631945610046,0.055177658796310425,1.1290931701660156,False,0.24627455,0.051895138,0.32332632,0.37850398,True,True,True,True,True,True
split_style_train,train,..\dataset\split_style\train\formal\jacket_formal_jacket_019.png,jacket_formal_jacket_019.png,formal,0,,formal,0,0.3350253701210022,streetwear,0.33105361461639404,0.003971755504608154,1.0935490131378174,True,0.33502537,0.276947,0.05697402,0.3310536,False,True,True,True,True,True
split_style_train,train,..\dataset\split_style\train\streetwear\jacket_streetwear_jacket_003.png,jacket_streetwear_jacket_003.png,streetwear,3,,formal,0,0.47030097246170044,streetwear,0.3383728861808777,0.13192808628082275,1.0836068391799927,False,0.47030097,0.04279591,0.14853029,0.3383729,True,True,True,True,True,True
split_style_train,train,..\dataset\split_style\train\streetwear\shoes_streetwear_shoes_038.png,shoes_streetwear_shoes_038.png,streetwear,3,,sporty,2,0.4167827367782593,streetwear,0.343036413192749,0.07374632358551025,1.0699186325073242,False,0.20260249,0.03757837,0.41678274,0.3430364,True,True,True,True,True,True
split_style_train,train,..\dataset\split_style\train\streetwear\shoes_streetwear_shoes_032.png,shoes_streetwear_shoes_032.png,streetwear,3,,sporty,2,0.6086851358413696,streetwear,0.3491351306438446,0.259550005197525,1.0522962808609009,False,0.028297447,0.013882209,0.60868514,0.34913513,True,True,False,False,True,True
split_style_train,train,..\dataset\split_style\train\streetwear\shoes_streetwear_shoes_004.png,shoes_streetwear_shoes_004.png,streetwear,3,,sporty,2,0.527405321598053,streetwear,0.3500339686870575,0.17737135291099548,1.04972505569458,False,0.06115105,0.06140962,0.5274053,0.35003397,True,True,True,True,True,True
split_style_train,train,..\dataset\split_style\train\gothic\shoes_gothic_shoes_028.png,shoes_gothic_shoes_028.png,gothic,1,,streetwear,3,0.43742433190345764,gothic,0.36860063672065735,0.06882369518280029,0.9980415105819702,False,0.058319446,0.36860064,0.13565558,0.43742433,True,False,True,True,True,True
split_style_train,train,..\dataset\split_style\train\streetwear\shoes_streetwear_shoes_018.png,shoes_streetwear_shoes_018.png,streetwear,3,,gothic,1,0.41953805088996887,streetwear,0.3706358075141907,0.0489022433757782,0.9925353527069092,False,0.14821476,0.41953805,0.061611354,0.3706358,True,False,True,True,True,True
split_style_train,train,..\dataset\split_style\train\formal\tshirt_formal_tshirt_047.png,tshirt_formal_tshirt_047.png,formal,0,,formal,0,0.37272965908050537,streetwear,0.3536960780620575,0.019033581018447876,0.9869019389152527,True,0.37272966,0.016665991,0.2569083,0.35369608,False,False,True,True,True,True
split_style_train,train,..\dataset\split_style\train\sporty\jacket_sporty_jacket_005.png,jacket_sporty_jacket_005.png,sporty,2,,sporty,2,0.37380555272102356,streetwear,0.32576489448547363,0.04804065823554993,0.9840195178985596,True,0.28596696,0.014462547,0.37380555,0.3257649,False,False,True,True,True,True
split_style_train,train,..\dataset\split_style\train\streetwear\shoes_streetwear_shoes_024.png,shoes_streetwear_shoes_024.png,streetwear,3,,sporty,2,0.4906090497970581,streetwear,0.37550559639930725,0.11510345339775085,0.9794818758964539,False,0.111986026,0.021899337,0.49060905,0.3755056,True,False,True,True,True,True
split_style_train,train,..\dataset\split_style\train\streetwear\tshirt_streetwear_tshirt_010.png,tshirt_streetwear_tshirt_010.png,streetwear,3,,formal,0,0.4079016447067261,streetwear,0.3803064823150635,0.027595162391662598,0.9667778611183167,False,0.40790164,0.07310565,0.13868617,0.38030648,True,False,True,True,True,True
split_style_train,train,..\dataset\split_style\train\streetwear\jacket_streetwear_jacket_010.png,jacket_streetwear_jacket_010.png,streetwear,3,,formal,0,0.5201151371002197,streetwear,0.3834688663482666,0.13664627075195312,0.9584968686103821,False,0.52011514,0.021977214,0.07443878,0.38346887,True,False,True,True,True,True
split_style_train,train,..\dataset\split_style\train\streetwear\shoes_streetwear_shoes_043.png,shoes_streetwear_shoes_043.png,streetwear,3,,streetwear,3,0.3896477520465851,sporty,0.36766287684440613,0.021984875202178955,0.9425121545791626,True,0.12741098,0.115278415,0.36766288,0.38964775,False,False,True,True,True,True
split_style_train,train,..\dataset\split_style\train\streetwear\jacket_streetwear_jacket_008.png,jacket_streetwear_jacket_008.png,streetwear,3,,streetwear,3,0.3936019241809845,formal,0.3283461034297943,0.06525582075119019,0.932415246963501,True,0.3283461,0.009586938,0.268465,0.39360192,False,False,True,True,True,True
split_style_train,train,..\dataset\split_style\train\streetwear\shoes_streetwear_shoes_046.png,shoes_streetwear_shoes_046.png,streetwear,3,,streetwear,3,0.39486178755760193,sporty,0.3441765308380127,0.05068525671958923,0.9292194843292236,True,0.23700035,0.023961252,0.34417653,0.3948618,False,False,True,True,True,True
split_style_train,train,..\dataset\split_style\train\sporty\tshirt_sporty_tshirt_042.png,tshirt_sporty_tshirt_042.png,sporty,2,,sporty,2,0.3963567912578583,streetwear,0.3328613042831421,0.06349548697471619,0.9254404306411743,True,0.26135507,0.009426781,0.3963568,0.3328613,False,False,True,True,True,True
split_style_train,train,..\dataset\split_style\train\formal\jacket_formal_jacket_017.png,jacket_formal_jacket_017.png,formal,0,,formal,0,0.40790027379989624,streetwear,0.29717445373535156,0.11072582006454468,0.8967325687408447,True,0.40790027,0.2051226,0.089802615,0.29717445,False,False,True,True,True,True
split_style_train,train,..\dataset\split_style\train\streetwear\tshirt_streetwear_tshirt_019.png,tshirt_streetwear_tshirt_019.png,streetwear,3,,formal,0,0.47412213683128357,streetwear,0.41040515899658203,0.06371697783470154,0.8906104564666748,False,0.47412214,0.0058292137,0.10964348,0.41040516,True,False,True,True,True,True
split_style_train,train,..\dataset\split_style\train\streetwear\shoes_streetwear_shoes_029.png,shoes_streetwear_shoes_029.png,streetwear,3,,sporty,2,0.5443917512893677,streetwear,0.41675320267677307,0.1276385486125946,0.8752610683441162,False,0.024216715,0.014638314,0.54439175,0.4167532,True,False,True,True,True,True
split_style_train,train,..\dataset\split_style\train\gothic\pants_gothic_pants_047.png,pants_gothic_pants_047.png,gothic,1,,gothic,1,0.4255090653896332,streetwear,0.3041250705718994,0.12138399481773376,0.8544690608978271,True,0.13452676,0.42550907,0.13583913,0.30412507,False,False,True,True,True,True
split_style_train,train,..\dataset\split_style\train\streetwear\tshirt_streetwear_tshirt_023.png,tshirt_streetwear_tshirt_023.png,streetwear,3,,streetwear,3,0.42701852321624756,formal,0.36248716711997986,0.0645313560962677,0.8509278893470764,True,0.36248717,0.17049274,0.040001586,0.42701852,False,False,True,True,True,True
split_style_train,train,..\dataset\split_style\train\sporty\shoes_sporty_shoes_024.png,shoes_sporty_shoes_024.png,sporty,2,,streetwear,3,0.5495381355285645,sporty,0.4296257793903351,0.11991235613822937,0.8448407649993896,False,0.014324385,0.0065117176,0.42962578,0.54953814,True,False,True,True,True,True
split_style_train,train,..\dataset\split_style\train\streetwear\jacket_streetwear_jacket_033.png,jacket_streetwear_jacket_033.png,streetwear,3,,streetwear,3,0.4359779357910156,formal,0.2629382312297821,0.17303970456123352,0.8301635980606079,True,0.26293823,0.11596053,0.18512338,0.43597794,False,False,True,True,True,True
split_style_train,train,..\dataset\split_style\train\streetwear\jacket_streetwear_jacket_031.png,jacket_streetwear_jacket_031.png,streetwear,3,,streetwear,3,0.44146162271499634,formal,0.32525259256362915,0.11620903015136719,0.8176641464233398,True,0.3252526,0.045691058,0.18759465,0.44146162,False,False,True,True,True,True
split_style_train,train,..\dataset\split_style\train\formal\tshirt_formal_tshirt_031.png,tshirt_formal_tshirt_031.png,formal,0,,formal,0,0.44315412640571594,streetwear,0.31576284766197205,0.1273912787437439,0.8138376474380493,True,0.44315413,0.095442384,0.14564067,0.31576285,False,False,True,True,True,True
split_style_train,train,..\dataset\split_style\train\sporty\shoes_sporty_shoes_027.png,shoes_sporty_shoes_027.png,sporty,2,,sporty,2,0.4447108805179596,streetwear,0.32656317949295044,0.11814770102500916,0.8103309273719788,True,0.2229804,0.0057455567,0.44471088,0.32656318,False,False,True,True,True,True
split_style_train,train,..\dataset\split_style\train\gothic\jacket_gothic_jacket_021.png,jacket_gothic_jacket_021.png,gothic,1,,gothic,1,0.44798678159713745,sporty,0.2286972552537918,0.21928952634334564,0.8029915690422058,True,0.15787126,0.44798678,0.22869726,0.16544473,False,False,False,True,True,True
split_style_train,train,..\dataset\split_style\train\gothic\jacket_gothic_jacket_038.png,jacket_gothic_jacket_038.png,gothic,1,,gothic,1,0.45910975337028503,streetwear,0.3095109760761261,0.14959877729415894,0.778465986251831,True,0.12353092,0.45910975,0.1078483,0.30951098,False,False,True,True,True,True
split_style_train,train,..\dataset\split_style\train\streetwear\jacket_streetwear_jacket_028.png,jacket_streetwear_jacket_028.png,streetwear,3,,streetwear,3,0.4683707356452942,gothic,0.26950597763061523,0.19886475801467896,0.7584950923919678,True,0.09002057,0.26950598,0.17210272,0.46837074,False,False,True,True,True,True
split_style_train,train,..\dataset\split_style\train\streetwear\jacket_streetwear_jacket_050.png,jacket_streetwear_jacket_050.png,streetwear,3,,streetwear,3,0.4790976047515869,sporty,0.3125917613506317,0.1665058434009552,0.7358509302139282,True,0.18020177,0.02810884,0.31259176,0.4790976,False,False,True,True,True,True
split_style_train,train,..\dataset\split_style\train\sporty\shoes_sporty_shoes_041.png,shoes_sporty_shoes_041.png,sporty,2,,sporty,2,0.4806901216506958,streetwear,0.42270126938819885,0.05798885226249695,0.7325324416160583,True,0.030777533,0.065831065,0.48069012,0.42270127,False,False,True,True,True,True
split_style_train,train,..\dataset\split_style\train\streetwear\shoes_streetwear_shoes_031.png,shoes_streetwear_shoes_031.png,streetwear,3,,streetwear,3,0.48248329758644104,formal,0.2677793502807617,0.21470394730567932,0.7288089990615845,True,0.26777935,0.045262456,0.2044749,0.4824833,False,False,False,True,True,True
split_style_train,train,..\dataset\split_style\train\streetwear\shoes_streetwear_shoes_009.png,shoes_streetwear_shoes_009.png,streetwear,3,,streetwear,3,0.4836103320121765,formal,0.2985489070415497,0.18506142497062683,0.7264758348464966,True,0.2985489,0.045039378,0.17280138,0.48361033,False,False,True,True,True,True
split_style_train,train,..\dataset\split_style\train\streetwear\shoes_streetwear_shoes_040.png,shoes_streetwear_shoes_040.png,streetwear,3,,streetwear,3,0.4906310737133026,sporty,0.3182232081890106,0.172407865524292,0.7120628356933594,True,0.15238626,0.03875946,0.3182232,0.49063107,False,False,True,True,True,True
split_style_train,train,..\dataset\split_style\train\streetwear\tshirt_streetwear_tshirt_026.png,tshirt_streetwear_tshirt_026.png,streetwear,3,,streetwear,3,0.4921974539756775,formal,0.3897843658924103,0.10241308808326721,0.708875298500061,True,0.38978437,0.006554029,0.11146415,0.49219745,False,False,True,True,True,True
split_style_train,train,..\dataset\split_style\train\streetwear\jacket_streetwear_jacket_005.png,jacket_streetwear_jacket_005.png,streetwear,3,,streetwear,3,0.4973723292350769,formal,0.31728875637054443,0.18008357286453247,0.6984164118766785,True,0.31728876,0.102804355,0.082534574,0.49737233,False,False,True,True,True,True
split_style_train,train,..\dataset\split_style\train\streetwear\tshirt_streetwear_tshirt_041.png,tshirt_streetwear_tshirt_041.png,streetwear,3,,streetwear,3,0.4979485273361206,formal,0.3624815046787262,0.1354670226573944,0.6972585916519165,True,0.3624815,0.016145483,0.12342448,0.49794853,False,False,True,True,True,True
split_style_train,train,..\dataset\split_style\train\streetwear\jacket_streetwear_jacket_022.png,jacket_streetwear_jacket_022.png,streetwear,3,,streetwear,3,0.49979880452156067,formal,0.25229015946388245,0.24750864505767822,0.6935496926307678,True,0.25229016,0.00265904,0.24525203,0.4997988,False,False,False,True,True,True
split_style_train,train,..\dataset\split_style\train\streetwear\jacket_streetwear_jacket_011.png,jacket_streetwear_jacket_011.png,streetwear,3,,streetwear,3,0.505836009979248,formal,0.24589794874191284,0.2599380612373352,0.6815428137779236,True,0.24589795,0.03670398,0.21156205,0.505836,False,False,False,True,True,True
split_style_train,train,..\dataset\split_style\train\streetwear\shoes_streetwear_shoes_048.png,shoes_streetwear_shoes_048.png,streetwear,3,,streetwear,3,0.5103809833526611,sporty,0.3760707378387451,0.13431024551391602,0.6725978255271912,True,0.06301414,0.050534166,0.37607074,0.510381,False,False,True,True,True,True
split_style_train,train,..\dataset\split_style\train\sporty\shoes_sporty_shoes_018.png,shoes_sporty_shoes_018.png,sporty,2,,sporty,2,0.5118193030357361,gothic,0.24429646134376526,0.2675228416919708,0.6697835922241211,True,0.14344719,0.24429646,0.5118193,0.100437075,False,False,False,True,True,True
split_style_train,train,..\dataset\split_style\train\streetwear\shoes_streetwear_shoes_028.png,shoes_streetwear_shoes_028.png,streetwear,3,,streetwear,3,0.514277994632721,sporty,0.2868044078350067,0.22747358679771423,0.6649913787841797,True,0.11252448,0.08639316,0.2868044,0.514278,False,False,False,True,True,True
split_style_train,train,..\dataset\split_style\train\gothic\tshirt_gothic_tshirt_009.png,tshirt_gothic_tshirt_009.png,gothic,1,,gothic,1,0.5158895254135132,streetwear,0.30013471841812134,0.21575480699539185,0.6618626117706299,True,0.17450793,0.5158895,0.009467834,0.30013472,False,False,False,True,True,True
split_style_train,train,..\dataset\split_style\train\streetwear\shoes_streetwear_shoes_017.png,shoes_streetwear_shoes_017.png,streetwear,3,,streetwear,3,0.5256617069244385,sporty,0.3710204064846039,0.1546413004398346,0.643097460269928,True,0.09466024,0.008657662,0.3710204,0.5256617,False,False,True,True,True,True
split_style_train,train,..\dataset\split_style\train\gothic\tshirt_gothic_tshirt_007.png,tshirt_gothic_tshirt_007.png,gothic,1,,gothic,1,0.5257672071456909,sporty,0.24684135615825653,0.2789258509874344,0.6428967118263245,True,0.13128278,0.5257672,0.24684136,0.09610865,False,False,False,True,True,True
split_style_train,train,..\dataset\split_style\train\streetwear\shoes_streetwear_shoes_033.png,shoes_streetwear_shoes_033.png,streetwear,3,,streetwear,3,0.5288417339324951,sporty,0.3054834008216858,0.22335833311080933,0.6370660066604614,True,0.130512,0.035162866,0.3054834,0.52884173,False,False,False,True,True,True
split_style_train,train,..\dataset\split_style\train\streetwear\jacket_streetwear_jacket_012.png,jacket_streetwear_jacket_012.png,streetwear,3,,streetwear,3,0.5309925675392151,sporty,0.21435870230197906,0.316633865237236,0.6330072283744812,True,0.08351724,0.17113149,0.2143587,0.53099257,False,False,False,True,True,True
split_style_train,train,..\dataset\split_style\train\streetwear\jacket_streetwear_jacket_046.png,jacket_streetwear_jacket_046.png,streetwear,3,,streetwear,3,0.5332683324813843,formal,0.3166131377220154,0.2166551947593689,0.6287305951118469,True,0.31661314,0.018562928,0.13155565,0.53326833,False,False,False,True,True,True
split_style_train,train,..\dataset\split_style\train\streetwear\tshirt_streetwear_tshirt_028.png,tshirt_streetwear_tshirt_028.png,streetwear,3,,streetwear,3,0.533293604850769,formal,0.31054213643074036,0.2227514684200287,0.6286831498146057,True,0.31054214,0.067949355,0.08821485,0.5332936,False,False,False,True,True,True
split_style_train,train,..\dataset\split_style\train\streetwear\shoes_streetwear_shoes_011.png,shoes_streetwear_shoes_011.png,streetwear,3,,streetwear,3,0.5348191857337952,formal,0.327559232711792,0.20725995302200317,0.6258265376091003,True,0.32755923,0.0070770117,0.13054454,0.5348192,False,False,False,True,True,True
split_style_train,train,..\dataset\split_style\train\sporty\jacket_sporty_jacket_013.png,jacket_sporty_jacket_013.png,sporty,2,,sporty,2,0.5350003242492676,streetwear,0.2634981870651245,0.27150213718414307,0.6254879236221313,True,0.17184442,0.029657101,0.5350003,0.2634982,False,False,False,True,True,True
split_style_train,train,..\dataset\split_style\train\streetwear\jacket_streetwear_jacket_048.png,jacket_streetwear_jacket_048.png,streetwear,3,,streetwear,3,0.5370760560035706,formal,0.28949493169784546,0.2475811243057251,0.6216155886650085,True,0.28949493,0.148296,0.025133064,0.53707606,False,False,False,True,True,True
split_style_train,train,..\dataset\split_style\train\sporty\shoes_sporty_shoes_045.png,shoes_sporty_shoes_045.png,sporty,2,,sporty,2,0.5376176834106445,streetwear,0.38008391857147217,0.15753376483917236,0.6206076145172119,True,0.0775244,0.0047739516,0.5376177,0.38008392,False,False,True,True,True,True
split_style_train,train,..\dataset\split_style\train\formal\jacket_formal_jacket_038.png,jacket_formal_jacket_038.png,formal,0,,formal,0,0.5381355285644531,streetwear,0.3574790954589844,0.18065643310546875,0.6196448802947998,True,0.5381355,0.02125985,0.08312554,0.3574791,False,False,True,True,True,True
split_style_train,train,..\dataset\split_style\train\formal\pants_formal_pants_002.png,pants_formal_pants_002.png,formal,0,,formal,0,0.5383851528167725,streetwear,0.3391225337982178,0.1992626190185547,0.6191810965538025,True,0.53838515,0.010819282,0.111673,0.33912253,False,False,True,True,True,True
split_style_train,train,..\dataset\split_style\train\streetwear\tshirt_streetwear_tshirt_005.png,tshirt_streetwear_tshirt_005.png,streetwear,3,,streetwear,3,0.5410991311073303,gothic,0.1720326989889145,0.36906643211841583,0.6141527891159058,True,0.11526452,0.1720327,0.1716037,0.54109913,False,False,False,True,True,True
split_style_train,train,..\dataset\split_style\train\streetwear\shoes_streetwear_shoes_002.png,shoes_streetwear_shoes_002.png,streetwear,3,,streetwear,3,0.5583791732788086,formal,0.2707655429840088,0.2876136302947998,0.5827170014381409,True,0.27076554,0.058146708,0.11270857,0.5583792,False,False,False,True,True,True
split_style_train,train,..\dataset\split_style\train\gothic\jacket_gothic_jacket_022.png,jacket_gothic_jacket_022.png,gothic,1,,gothic,1,0.5591592192649841,sporty,0.32225725054740906,0.23690196871757507,0.5813210010528564,True,0.07662695,0.5591592,0.32225725,0.041956596,False,False,False,True,True,True
split_style_train,train,..\dataset\split_style\train\formal\tshirt_formal_tshirt_029.png,tshirt_formal_tshirt_029.png,formal,0,,formal,0,0.5598346590995789,streetwear,0.35457390546798706,0.2052607536315918,0.5801138281822205,True,0.55983466,0.010236196,0.07535525,0.3545739,False,False,False,True,True,True
split_style_train,train,..\dataset\split_style\train\streetwear\tshirt_streetwear_tshirt_015.png,tshirt_streetwear_tshirt_015.png,streetwear,3,,streetwear,3,0.5627692937850952,formal,0.2729477882385254,0.2898215055465698,0.5748854875564575,True,0.2729478,0.10869754,0.05558532,0.5627693,False,False,False,True,True,True
split_style_train,train,..\dataset\split_style\train\streetwear\tshirt_streetwear_tshirt_025.png,tshirt_streetwear_tshirt_025.png,streetwear,3,,streetwear,3,0.5697876811027527,formal,0.29264330863952637,0.2771443724632263,0.5624914765357971,True,0.2926433,0.024282448,0.1132866,0.5697877,False,False,False,True,True,True
split_style_train,train,..\dataset\split_style\train\streetwear\shoes_streetwear_shoes_042.png,shoes_streetwear_shoes_042.png,streetwear,3,,streetwear,3,0.5754058957099915,sporty,0.243813619017601,0.33159227669239044,0.5526796579360962,True,0.060869884,0.119910635,0.24381362,0.5754059,False,False,False,True,True,True
split_style_train,train,..\dataset\split_style\train\streetwear\jacket_streetwear_jacket_025.png,jacket_streetwear_jacket_025.png,streetwear,3,,streetwear,3,0.5804185271263123,formal,0.26783788204193115,0.3125806450843811,0.544005811214447,True,0.26783788,0.044827297,0.10691628,0.5804185,False,False,False,True,True,True
split_style_train,train,..\dataset\split_style\train\streetwear\shoes_streetwear_shoes_047.png,shoes_streetwear_shoes_047.png,streetwear,3,,streetwear,3,0.5838415622711182,formal,0.15483364462852478,0.4290079176425934,0.5381256341934204,True,0.15483364,0.12656865,0.13475621,0.58384156,False,False,False,True,True,True
split_style_train,train,..\dataset\split_style\train\streetwear\shoes_streetwear_shoes_006.png,shoes_streetwear_shoes_006.png,streetwear,3,,streetwear,3,0.5908039808273315,formal,0.29229825735092163,0.2985057234764099,0.5262709856033325,True,0.29229826,0.022632144,0.09426562,0.590804,False,False,False,True,True,True
split_style_val,val,..\dataset\split_style\val\sporty\jacket_sporty_jacket_011.png,jacket_sporty_jacket_011.png,sporty,2,,streetwear,3,0.5504701137542725,formal,0.21773698925971985,0.3327331244945526,2.44189453125,False,0.21773699,0.14479703,0.086995885,0.5504701,True,True,False,True,True,True
split_style_val,val,..\dataset\split_style\val\formal\pants_formal_pants_009.png,pants_formal_pants_009.png,formal,0,,sporty,2,0.48330456018447876,streetwear,0.38723886013031006,0.0960657000541687,2.186572790145874,False,0.11230096,0.017155668,0.48330456,0.38723886,True,True,True,True,True,True
split_style_val,val,..\dataset\split_style\val\gothic\shoes_gothic_shoes_005.png,shoes_gothic_shoes_005.png,gothic,1,,streetwear,3,0.7574016451835632,gothic,0.17934659123420715,0.5780550539493561,1.7184350490570068,False,0.014726308,0.17934659,0.04852538,0.75740165,True,True,False,False,True,True
split_style_val,val,..\dataset\split_style\val\streetwear\jacket_streetwear_jacket_040.png,jacket_streetwear_jacket_040.png,streetwear,3,,gothic,1,0.4968797266483307,streetwear,0.2285313457250595,0.2683483809232712,1.4760818481445312,False,0.16475885,0.49687973,0.109830074,0.22853135,True,True,False,True,True,True
split_style_val,val,..\dataset\split_style\val\gothic\shoes_gothic_shoes_047.png,shoes_gothic_shoes_047.png,gothic,1,,formal,0,0.3775542676448822,streetwear,0.2656762897968292,0.11187797784805298,1.4048874378204346,False,0.37755427,0.24539469,0.11137471,0.2656763,True,True,True,True,True,True
split_style_val,val,..\dataset\split_style\val\streetwear\shoes_streetwear_shoes_039.png,shoes_streetwear_shoes_039.png,streetwear,3,,sporty,2,0.5100712776184082,streetwear,0.2945215702056885,0.21554970741271973,1.2224030494689941,False,0.15311587,0.042291313,0.5100713,0.29452157,True,True,False,True,True,True
split_style_val,val,..\dataset\split_style\val\gothic\shoes_gothic_shoes_025.png,shoes_gothic_shoes_025.png,gothic,1,,sporty,2,0.44151926040649414,gothic,0.32156068086624146,0.11995857954025269,1.1345691680908203,False,0.046333265,0.32156068,0.44151926,0.19058679,True,True,True,True,True,True
split_style_val,val,..\dataset\split_style\val\streetwear\jacket_streetwear_jacket_036.png,jacket_streetwear_jacket_036.png,streetwear,3,,gothic,1,0.6446194648742676,streetwear,0.3290690779685974,0.31555038690567017,1.111487627029419,False,0.017547637,0.64461946,0.008763807,0.32906908,True,True,False,False,True,True
split_style_val,val,..\dataset\split_style\val\formal\tshirt_formal_tshirt_033.png,tshirt_formal_tshirt_033.png,formal,0,,streetwear,3,0.5707526803016663,formal,0.350023090839386,0.22072958946228027,1.0497561693191528,False,0.3500231,0.02434821,0.05487603,0.5707527,True,True,False,True,True,True
split_style_val,val,..\dataset\split_style\val\gothic\pants_gothic_pants_013.png,pants_gothic_pants_013.png,gothic,1,,gothic,1,0.38844606280326843,streetwear,0.298674613237381,0.08977144956588745,0.9456009268760681,True,0.13376707,0.38844606,0.1791122,0.2986746,False,False,True,True,True,True
split_style_val,val,..\dataset\split_style\val\streetwear\shoes_streetwear_shoes_020.png,shoes_streetwear_shoes_020.png,streetwear,3,,streetwear,3,0.42615413665771484,gothic,0.3037504255771637,0.12240371108055115,0.8529542088508606,True,0.103132606,0.30375043,0.16696282,0.42615414,False,False,True,True,True,True
split_style_val,val,..\dataset\split_style\val\formal\tshirt_formal_tshirt_019.png,tshirt_formal_tshirt_019.png,formal,0,,streetwear,3,0.5215739607810974,formal,0.4315871298313141,0.08998683094978333,0.8402858376502991,False,0.43158713,0.009645241,0.037193608,0.52157396,True,False,True,True,True,True
split_style_val,val,..\dataset\split_style\val\streetwear\shoes_streetwear_shoes_023.png,shoes_streetwear_shoes_023.png,streetwear,3,,streetwear,3,0.4616982340812683,sporty,0.41178402304649353,0.04991421103477478,0.7728437781333923,True,0.12301029,0.0035075257,0.41178402,0.46169823,False,False,True,True,True,True
split_style_val,val,..\dataset\split_style\val\streetwear\pants_streetwear_pants_036.png,pants_streetwear_pants_036.png,streetwear,3,,streetwear,3,0.46794867515563965,formal,0.2844090461730957,0.18353962898254395,0.7593966722488403,True,0.28440905,0.08495157,0.16269067,0.46794868,False,False,True,True,True,True
split_style_val,val,..\dataset\split_style\val\streetwear\shoes_streetwear_shoes_050.png,shoes_streetwear_shoes_050.png,streetwear,3,,streetwear,3,0.47154879570007324,sporty,0.4331180155277252,0.03843078017234802,0.7517327070236206,True,0.075015925,0.020317165,0.43311802,0.4715488,False,False,True,True,True,True
split_style_val,val,..\dataset\split_style\val\streetwear\shoes_streetwear_shoes_049.png,shoes_streetwear_shoes_049.png,streetwear,3,,streetwear,3,0.4764697849750519,sporty,0.4443812370300293,0.03208854794502258,0.7413509488105774,True,0.067952186,0.011196808,0.44438124,0.47646978,False,False,True,True,True,True
split_style_val,val,..\dataset\split_style\val\streetwear\tshirt_streetwear_tshirt_045.png,tshirt_streetwear_tshirt_045.png,streetwear,3,,streetwear,3,0.47992873191833496,formal,0.3499082624912262,0.13002046942710876,0.7341176867485046,True,0.34990826,0.06080395,0.10935907,0.47992873,False,False,True,True,True,True
split_style_val,val,..\dataset\split_style\val\streetwear\tshirt_streetwear_tshirt_008.png,tshirt_streetwear_tshirt_008.png,streetwear,3,,streetwear,3,0.49576520919799805,formal,0.2515154480934143,0.24424976110458374,0.7016528248786926,True,0.25151545,0.23512386,0.017595489,0.4957652,False,False,False,True,True,True
split_style_val,val,..\dataset\split_style\val\streetwear\jacket_streetwear_jacket_006.png,jacket_streetwear_jacket_006.png,streetwear,3,,streetwear,3,0.4986025393009186,formal,0.257733017206192,0.24086952209472656,0.6959459781646729,True,0.25773302,0.009811832,0.23385255,0.49860254,False,False,False,True,True,True
split_style_val,val,..\dataset\split_style\val\streetwear\shoes_streetwear_shoes_005.png,shoes_streetwear_shoes_005.png,streetwear,3,,streetwear,3,0.5105427503585815,sporty,0.2691124379634857,0.24143031239509583,0.6722809076309204,True,0.08913649,0.13120833,0.26911244,0.51054275,False,False,False,True,True,True
split_style_val,val,..\dataset\split_style\val\sporty\tshirt_sporty_tshirt_036.png,tshirt_sporty_tshirt_036.png,sporty,2,,sporty,2,0.5243688225746155,streetwear,0.27185818552970886,0.2525106370449066,0.6455599665641785,True,0.12686549,0.07690749,0.5243688,0.2718582,False,False,False,True,True,True
split_style_val,val,..\dataset\split_style\val\streetwear\jacket_streetwear_jacket_021.png,jacket_streetwear_jacket_021.png,streetwear,3,,streetwear,3,0.5293881893157959,formal,0.23781809210777283,0.29157009720802307,0.636033296585083,True,0.23781809,0.06139498,0.17139873,0.5293882,False,False,False,True,True,True
split_style_val,val,..\dataset\split_style\val\sporty\shoes_sporty_shoes_021.png,shoes_sporty_shoes_021.png,sporty,2,,sporty,2,0.5364089012145996,gothic,0.25388631224632263,0.282522588968277,0.622858464717865,True,0.083222106,0.2538863,0.5364089,0.12648268,False,False,False,True,True,True
split_style_val,val,..\dataset\split_style\val\streetwear\shoes_streetwear_shoes_007.png,shoes_streetwear_shoes_007.png,streetwear,3,,streetwear,3,0.5364962220191956,sporty,0.30979689955711365,0.2266993224620819,0.6226957440376282,True,0.13625954,0.017447328,0.3097969,0.5364962,False,False,False,True,True,True
split_style_val,val,..\dataset\split_style\val\gothic\tshirt_gothic_tshirt_023.png,tshirt_gothic_tshirt_023.png,gothic,1,,gothic,1,0.544114887714386,streetwear,0.17250880599021912,0.37160608172416687,0.6085948944091797,True,0.11998515,0.5441149,0.16339116,0.1725088,False,False,False,True,True,True
split_style_val,val,..\dataset\split_style\val\gothic\shoes_gothic_shoes_004.png,shoes_gothic_shoes_004.png,gothic,1,,gothic,1,0.55791175365448,streetwear,0.3920347988605499,0.16587695479393005,0.5835544466972351,True,0.028719228,0.55791175,0.021334173,0.3920348,False,False,True,True,True,True
split_style_val,val,..\dataset\split_style\val\sporty\pants_sporty_pants_019.png,pants_sporty_pants_019.png,sporty,2,,sporty,2,0.5616187453269958,streetwear,0.22791267931461334,0.3337060660123825,0.5769320130348206,True,0.12200098,0.088467605,0.56161875,0.22791268,False,False,False,True,True,True
split_style_val,val,..\dataset\split_style\val\gothic\tshirt_gothic_tshirt_021.png,tshirt_gothic_tshirt_021.png,gothic,1,,gothic,1,0.5962619781494141,streetwear,0.2490694224834442,0.34719255566596985,0.5170751214027405,True,0.11154505,0.596262,0.043123562,0.24906942,False,False,False,True,True,True
style_extra,style_extra,..\dataset\style_extra\streetwear\jacket\streetwear_jacket_extra_009.png,streetwear_jacket_extra_009.png,streetwear,3,,formal,0,0.37728869915008545,streetwear,0.23718740046024323,0.14010129868984222,1.4389047622680664,False,0.3772887,0.1563131,0.22921078,0.2371874,True,True,True,True,True,True
style_extra,style_extra,..\dataset\style_extra\formal\pants\formal_pants_extra_007.png,formal_pants_extra_007.png,formal,0,,streetwear,3,0.33687564730644226,sporty,0.3227180242538452,0.014157623052597046,1.2572678327560425,False,0.28443006,0.05597627,0.32271802,0.33687565,True,True,True,True,True,True
style_extra,style_extra,..\dataset\style_extra\sporty\jacket\sporty_jacket_extra_003.png,sporty_jacket_extra_003.png,sporty,2,,streetwear,3,0.4361425042152405,sporty,0.2977307438850403,0.1384117603302002,1.2115657329559326,False,0.18574025,0.08038651,0.29773074,0.4361425,True,True,True,True,True,True
style_extra,style_extra,..\dataset\style_extra\sporty\jacket\sporty_jacket_extra_009.png,sporty_jacket_extra_009.png,sporty,2,,streetwear,3,0.6573134660720825,sporty,0.29858097434043884,0.3587324917316437,1.2087141275405884,False,0.039873123,0.004232423,0.29858097,0.65731347,True,True,False,False,True,True
style_extra,style_extra,..\dataset\style_extra\sporty\jacket\sporty_jacket_extra_006.png,sporty_jacket_extra_006.png,sporty,2,,streetwear,3,0.3740032911300659,sporty,0.3131096661090851,0.060893625020980835,1.1612017154693604,False,0.28975657,0.023130527,0.31310967,0.3740033,True,True,True,True,True,True
style_extra,style_extra,..\dataset\style_extra\streetwear\pants\streetwear_pants_extra_006.png,streetwear_pants_extra_006.png,streetwear,3,,gothic,1,0.34349483251571655,streetwear,0.3182520866394043,0.025242745876312256,1.144911527633667,False,0.06037722,0.34349483,0.27787584,0.3182521,True,True,True,True,True,True
style_extra,style_extra,..\dataset\style_extra\sporty\shoes\sporty_shoes_extra_003.png,sporty_shoes_extra_003.png,sporty,2,,streetwear,3,0.5859453678131104,sporty,0.3186335563659668,0.26731181144714355,1.1437135934829712,False,0.031648975,0.063772075,0.31863356,0.58594537,True,True,False,True,True,True
style_extra,style_extra,..\dataset\style_extra\streetwear\jacket\streetwear_jacket_extra_011.png,streetwear_jacket_extra_011.png,streetwear,3,,formal,0,0.4513722062110901,streetwear,0.37492820620536804,0.07644400000572205,0.9810206890106201,False,0.4513722,0.0355478,0.13815174,0.3749282,True,False,True,True,True,True
style_extra,style_extra,..\dataset\style_extra\streetwear\shoes\streetwear_shoes_extra_013.png,streetwear_shoes_extra_013.png,streetwear,3,,sporty,2,0.41544049978256226,streetwear,0.3833678066730499,0.03207269310951233,0.9587603807449341,False,0.044826645,0.15636508,0.4154405,0.3833678,True,False,True,True,True,True
style_extra,style_extra,..\dataset\style_extra\sporty\jacket\sporty_jacket_extra_007.png,sporty_jacket_extra_007.png,sporty,2,,streetwear,3,0.48576462268829346,sporty,0.3863108158111572,0.09945380687713623,0.9511130452156067,False,0.0993028,0.028621756,0.38631082,0.48576462,True,False,True,True,True,True
style_extra,style_extra,..\dataset\style_extra\sporty\jacket\sporty_jacket_extra_008.png,sporty_jacket_extra_008.png,sporty,2,,sporty,2,0.3932172358036041,streetwear,0.38165247440338135,0.011564761400222778,0.9333930611610413,True,0.17297074,0.052159537,0.39321724,0.38165247,False,False,True,True,True,True
style_extra,style_extra,..\dataset\style_extra\streetwear\pants\streetwear_pants_extra_009.png,streetwear_pants_extra_009.png,streetwear,3,,sporty,2,0.48638150095939636,streetwear,0.40214017033576965,0.08424133062362671,0.9109545946121216,False,0.07542306,0.036055263,0.4863815,0.40214017,True,False,True,True,True,True
style_extra,style_extra,..\dataset\style_extra\streetwear\jacket\streetwear_jacket_extra_002.png,streetwear_jacket_extra_002.png,streetwear,3,,sporty,2,0.5119150280952454,streetwear,0.40806543827056885,0.10384958982467651,0.8963277339935303,False,0.0725379,0.00748169,0.511915,0.40806544,True,False,True,True,True,True
style_extra,style_extra,..\dataset\style_extra\sporty\shoes\sporty_shoes_extra_008.png,sporty_shoes_extra_008.png,sporty,2,,sporty,2,0.4081297814846039,streetwear,0.2965278923511505,0.11160188913345337,0.8961700797080994,True,0.25172767,0.043614697,0.40812978,0.2965279,False,False,True,True,True,True
style_extra,style_extra,..\dataset\style_extra\streetwear\pants\streetwear_pants_extra_013.png,streetwear_pants_extra_013.png,streetwear,3,,streetwear,3,0.40900224447250366,sporty,0.27076831459999084,0.13823392987251282,0.8940346837043762,True,0.22863175,0.09159773,0.2707683,0.40900224,False,False,True,True,True,True
style_extra,style_extra,..\dataset\style_extra\streetwear\pants\streetwear_pants_extra_010.png,streetwear_pants_extra_010.png,streetwear,3,,streetwear,3,0.4370467960834503,sporty,0.311728835105896,0.12531796097755432,0.8277150392532349,True,0.14414068,0.107083745,0.31172884,0.4370468,False,False,True,True,True,True
style_extra,style_extra,..\dataset\style_extra\streetwear\shoes\streetwear_shoes_extra_004.png,streetwear_shoes_extra_004.png,streetwear,3,,streetwear,3,0.4407307505607605,gothic,0.32074975967407227,0.11998099088668823,0.8193211555480957,True,0.07361974,0.32074976,0.1648998,0.44073075,False,False,True,True,True,True
style_extra,style_extra,..\dataset\style_extra\streetwear\shoes\streetwear_shoes_extra_005.png,streetwear_shoes_extra_005.png,streetwear,3,,streetwear,3,0.45111432671546936,formal,0.3009680211544037,0.15014630556106567,0.7960344552993774,True,0.30096802,0.041603766,0.20631394,0.45111433,False,False,True,True,True,True
style_extra,style_extra,..\dataset\style_extra\streetwear\shoes\streetwear_shoes_extra_002.png,streetwear_shoes_extra_002.png,streetwear,3,,streetwear,3,0.4514625668525696,sporty,0.33759814500808716,0.11386442184448242,0.7952628135681152,True,0.1963807,0.0145584885,0.33759815,0.45146257,False,False,True,True,True,True
style_extra,style_extra,..\dataset\style_extra\streetwear\pants\streetwear_pants_extra_007.png,streetwear_pants_extra_007.png,streetwear,3,,streetwear,3,0.4634304344654083,sporty,0.4486995041370392,0.01473093032836914,0.7690989971160889,True,0.07666739,0.011202694,0.4486995,0.46343043,False,False,True,True,True,True
style_extra,style_extra,..\dataset\style_extra\streetwear\shoes\streetwear_shoes_extra_007.png,streetwear_shoes_extra_007.png,streetwear,3,,streetwear,3,0.4704624116420746,formal,0.2679697871208191,0.2024926245212555,0.7540392279624939,True,0.2679698,0.043516602,0.2180513,0.4704624,False,False,False,True,True,True
style_extra,style_extra,..\dataset\style_extra\streetwear\shoes\streetwear_shoes_extra_003.png,streetwear_shoes_extra_003.png,streetwear,3,,streetwear,3,0.48030248284339905,gothic,0.2653997540473938,0.21490272879600525,0.7333391904830933,True,0.13918795,0.26539975,0.11510971,0.48030248,False,False,False,True,True,True
style_extra,style_extra,..\dataset\style_extra\streetwear\pants\streetwear_pants_extra_012.png,streetwear_pants_extra_012.png,streetwear,3,,streetwear,3,0.4860241115093231,sporty,0.2233026623725891,0.262721449136734,0.7214970588684082,True,0.10640613,0.18426709,0.22330266,0.4860241,False,False,False,True,True,True
style_extra,style_extra,..\dataset\style_extra\streetwear\jacket\streetwear_jacket_extra_012.png,streetwear_jacket_extra_012.png,streetwear,3,,streetwear,3,0.5045598149299622,gothic,0.42535972595214844,0.07920008897781372,0.6840688586235046,True,0.045441568,0.42535973,0.024638861,0.5045598,False,False,True,True,True,True
style_extra,style_extra,..\dataset\style_extra\streetwear\shoes\streetwear_shoes_extra_006.png,streetwear_shoes_extra_006.png,streetwear,3,,streetwear,3,0.5049014687538147,formal,0.31568750739097595,0.18921396136283875,0.6833919286727905,True,0.3156875,0.08189805,0.097512946,0.50490147,False,False,True,True,True,True
style_extra,style_extra,..\dataset\style_extra\streetwear\shoes\streetwear_shoes_extra_008.png,streetwear_shoes_extra_008.png,streetwear,3,,streetwear,3,0.522436797618866,formal,0.26498448848724365,0.2574523091316223,0.6492512226104736,True,0.2649845,0.065689296,0.14688937,0.5224368,False,False,False,True,True,True
style_extra,style_extra,..\dataset\style_extra\streetwear\jacket\streetwear_jacket_extra_006.png,streetwear_jacket_extra_006.png,streetwear,3,,streetwear,3,0.5245012640953064,formal,0.3218109905719757,0.2026902735233307,0.6453074216842651,True,0.321811,0.015771184,0.13791658,0.52450126,False,False,False,True,True,True
style_extra,style_extra,..\dataset\style_extra\streetwear\shoes\streetwear_shoes_extra_014.png,streetwear_shoes_extra_014.png,streetwear,3,,streetwear,3,0.5344116687774658,sporty,0.4410884976387024,0.09332317113876343,0.626588761806488,True,0.009012823,0.015486996,0.4410885,0.53441167,False,False,True,True,True,True
style_extra,style_extra,..\dataset\style_extra\streetwear\shoes\streetwear_shoes_extra_015.png,streetwear_shoes_extra_015.png,streetwear,3,,streetwear,3,0.5518050789833069,formal,0.3478001058101654,0.20400497317314148,0.594560444355011,True,0.3478001,0.011190913,0.0892039,0.5518051,False,False,False,True,True,True
style_extra,style_extra,..\dataset\style_extra\sporty\shoes\sporty_shoes_extra_005.png,sporty_shoes_extra_005.png,sporty,2,,sporty,2,0.5525224208831787,streetwear,0.35273486375808716,0.19978755712509155,0.5932613015174866,True,0.09177768,0.0029650556,0.5525224,0.35273486,False,False,True,True,True,True
style_extra,style_extra,..\dataset\style_extra\sporty\jacket\sporty_jacket_extra_004.png,sporty_jacket_extra_004.png,sporty,2,,sporty,2,0.5693649649620056,streetwear,0.1949487179517746,0.374416247010231,0.5632336735725403,True,0.18089654,0.054789767,0.56936496,0.19494872,False,False,False,True,True,True
style_extra,style_extra,..\dataset\style_extra\streetwear\tshirt\streetwear_tshirt_extra_003.png,streetwear_tshirt_extra_003.png,streetwear,3,,streetwear,3,0.5794621109962463,sporty,0.32312071323394775,0.2563413977622986,0.5456549525260925,True,0.09129438,0.0061227977,0.3231207,0.5794621,False,False,False,True,True,True
style_extra,style_extra,..\dataset\style_extra\streetwear\tshirt\streetwear_tshirt_extra_007.png,streetwear_tshirt_extra_007.png,streetwear,3,,streetwear,3,0.5810830593109131,sporty,0.3962932527065277,0.18478980660438538,0.5428615808486938,True,0.014189229,0.0084344335,0.39629325,0.58108306,False,False,True,True,True,True
style_extra,style_extra,..\dataset\style_extra\streetwear\pants\streetwear_pants_extra_011.png,streetwear_pants_extra_011.png,streetwear,3,,streetwear,3,0.5940811634063721,formal,0.23184266686439514,0.36223849654197693,0.5207393169403076,True,0.23184267,0.0065796115,0.16749658,0.59408116,False,False,False,True,True,True
style_extra,style_extra,..\dataset\style_extra\formal\pants\formal_pants_extra_008.png,formal_pants_extra_008.png,formal,0,,formal,0,0.5966477394104004,streetwear,0.2824162542819977,0.3142314851284027,0.5164283514022827,True,0.59664774,0.025648404,0.09528757,0.28241625,False,False,False,True,True,True
style_extra,style_extra,..\dataset\style_extra\streetwear\pants\streetwear_pants_extra_008.png,streetwear_pants_extra_008.png,streetwear,3,,streetwear,3,0.5977944731712341,sporty,0.27224382758140564,0.3255506455898285,0.5145082473754883,True,0.10563288,0.024328794,0.27224383,0.5977945,False,False,False,True,True,True
